"","Producer","Warehouse","Retail","Consumption"
"beefporksausage-tc-str",81.3953820699478,74.6107592528184,0.517535213942656,0
"cheese-tc-str",84.4018603631108,84.3234090947002,0.517535213942656,0
"eggs-dry-str",68.1537524524134,53.5637177080205,0.517535213942656,0
"fruits-tc-str",118.050832583448,69.6474454869891,0.517535213942656,0
"milkproducts-tc-str",68.3864945508506,92.8878767878915,0.517535213942656,0
"milk-tc-str",58.1228594463987,45.4796034070115,0.517535213942656,0
"poultrysausage-tc-str",118.40422758969,33.6736505958175,0.517535213942656,0
"vegetables-tc-str",76.8428732187567,67.3733715628068,0.517535213942656,0
