"","namesGraph","inDegreeEnt"
"1","meatProducts",9.5637138344332
"2","cheese",7.93407270247933
"3","eggs",8.71716049352638
"4","milkProducts",7.92853198852436
"5","poultry",8.45120449092487
"6","vegetables",8.98952082069471
