"","namesGraph","outStrengthEnt"
"1","meatProducts",7.50090607134522
"2","cheese",6.16414477479915
"3","eggs",5.49835444492481
"4","milkProducts",6.29424934197775
"5","poultry",4.73670572055462
"6","vegetables",5.08728814392373
