"","Mean","Std Dev"
"beefporksausage-tc-str",113.118852459016,87.4260367786177
"cheese-tc-str",167.277992277992,76.0794144936351
"eggs-dry-str",48.419853539463,58.9544996222632
"fruits-tc-str",99.7699757869249,96.0510615176432
"milkproducts-tc-str",189.076320939335,68.9221217721511
"milk-tc-str",61.0307503075031,58.6800650858173
"poultrysausage-tc-str",61.6512820512821,82.0365861993117
"vegetables-tc-str",86.5143824027073,78.3809238632431
