"","Producer","Warehouse","Retail","Consumption"
"beefporksausage-tc-str",6021.66831311644,5304.35635864425,1210.29397320906,6977.44692288557
"cheese-tc-str",7642.31238955274,5981.63317245994,907.795273633593,4779.56798507463
"eggs-dry-str",1544.72537675306,1250.7943304386,281.148291896009,1620.89559452736
"fruits-tc-str",17176.7402026314,8857.57659768226,2031.48865858705,11711.8037189055
"milkproducts-tc-str",16189.805585958,12713.6833099135,1927.9358506799,10151.2134328358
"milk-tc-str",7981.88035180788,5252.67401686539,783.119979236239,4123.38307711443
"poultrysausage-tc-str",7282.7988199753,1235.27647042008,292.343324537864,1685.38396766169
"vegetables-tc-str",13767.1429223844,9210.8738003002,2099.75751433743,12105.6670472637
