"","Producer","Warehouse","Retail","Consumption"
"beefporksausage-tc-str",0,67.5984089691817,0.517535213942656,0
"cheese-tc-str",0,76.8675267586695,0.517535213942656,0
"eggs-dry-str",0,46.6109795502535,0.517535213942656,0
"fruits-tc-str",0,62.3172095003814,0.517535213942656,0
"milkproducts-tc-str",0,85.5518420654245,0.517535213942656,0
"milk-tc-str",0,38.3815458998035,0.517535213942656,0
"poultrysausage-tc-str",0,26.1448604318407,0.517535213942656,0
"vegetables-tc-str",0,60.4326178471703,0.517535213942656,0
