"","Producer","Warehouse","Retail","Consumption"
"beefporksausage-tc-str",81.3953820699478,10.4313154735819,0,0
"cheese-tc-str",84.4018603631108,10.4313154735819,0,0
"eggs-dry-str",68.1537524524134,10.4313154735819,0,0
"fruits-tc-str",118.050832583448,10.4313154735819,0,0
"milkproducts-tc-str",68.3864945508506,10.4313154735819,0,0
"milk-tc-str",58.1228594463987,10.4313154735819,0,0
"poultrysausage-tc-str",118.40422758969,10.4313154735819,0,0
"vegetables-tc-str",76.8428732187567,10.4313154735819,0,0
