"","Producer","Warehouse","Retail","Consumption"
"beefporksausage-tc-str",14697.7371834624,9408.98684012003,1676.03008456288,7953.38477910554
"cheese-tc-str",18982.4463988009,10523.2564748867,1281.4154042895,5448.08786769196
"eggs-dry-str",10231.2315053469,2297.43447592775,426.687668725644,1847.61068839533
"fruits-tc-str",101644.694700839,16579.4431795776,3095.00404457808,13349.9380415654
"milkproducts-tc-str",33959.9549465208,21426.6884731237,2718.26183341692,11571.0671841371
"milk-tc-str",12407.4275555378,8632.84616749444,1104.1472958993,4700.12200984051
"poultrysausage-tc-str",14818.3151088945,2305.61126065945,404.840668089441,1921.11923010011
"vegetables-tc-str",80065.9527031385,17247.6091310163,3186.71921611457,13798.8911239252
