"","Producer","Warehouse","Retail","Consumption"
"beefporksausage-tc-str",2637490.721145,5442269.623969,5609712.565824,2804933.663
"cheese-tc-str",1811228.036324,3732539.099615,3842697.393291,1921386.33
"eggs-dry-str",631792.679092001,1283314.98303,1303122.332938,651600.029
"fruits-tc-str",4380068.75167099,9087873.589222,9415949.932551,4708145.095
"milkproducts-tc-str",3853173.729458,7933338.385386,8160952.455928,4080787.8
"milk-tc-str",1620321.711417,3277668.586524,3314946.872107,1657599.997
"poultrysausage-tc-str",589906.704417999,1267393.658651,1355011.309233,677524.355
"vegetables-tc-str",4584458.593154,9450356.519108,9732376.078954,4866478.153
