"","namesGraph","outDegreeEnt"
"1","meatProducts",8.61295573256083
"2","cheese",7.66000461409808
"3","eggs",8.07816131481193
"4","milkProducts",7.76802371960482
"5","poultry",6.05325206354101
"6","vegetables",8.19378979616165
